username;msg1;msg2;secret
user01;msg1;msg2;Olo9k4MdG8I.cwA.uWc.iKq_86IqEbk9PCC1BGDLiFteTWJzpNi690uZ-7UshuQ
user02;msg1;msg2;RuzrVm7pngQ.cwA.gXg.PcfcWZKD8LVu3BFmpa8qe5LMUNgPXILz-JvuTiVURtE
user03;msg1;msg2;Olo9k4MdG8I.cwA.uWc.iKq_86IqEbk9PCC1BGDLiFteTWJzpNi690uZ-7UshuQ
user04;msg1;msg2;RuzrVm7pngQ.cwA.gXg.PcfcWZKD8LVu3BFmpa8qe5LMUNgPXILz-JvuTiVURtE
user05;msg1;msg2;Olo9k4MdG8I.cwA.uWc.iKq_86IqEbk9PCC1BGDLiFteTWJzpNi690uZ-7UshuQ
user06;msg1;msg2;RuzrVm7pngQ.cwA.gXg.PcfcWZKD8LVu3BFmpa8qe5LMUNgPXILz-JvuTiVURtE
user07;msg1;msg2;Olo9k4MdG8I.cwA.uWc.iKq_86IqEbk9PCC1BGDLiFteTWJzpNi690uZ-7UshuQ
user08;msg1;msg2;RuzrVm7pngQ.cwA.gXg.PcfcWZKD8LVu3BFmpa8qe5LMUNgPXILz-JvuTiVURtE
user09;msg1;msg2;Olo9k4MdG8I.cwA.uWc.iKq_86IqEbk9PCC1BGDLiFteTWJzpNi690uZ-7UshuQ
user10;msg1;msg2;RuzrVm7pngQ.cwA.gXg.PcfcWZKD8LVu3BFmpa8qe5LMUNgPXILz-JvuTiVURtE
user11;msg1;msg2;Olo9k4MdG8I.cwA.uWc.iKq_86IqEbk9PCC1BGDLiFteTWJzpNi690uZ-7UshuQ
user12;msg1;msg2;RuzrVm7pngQ.cwA.gXg.PcfcWZKD8LVu3BFmpa8qe5LMUNgPXILz-JvuTiVURtE
user13;msg1;msg2;Olo9k4MdG8I.cwA.uWc.iKq_86IqEbk9PCC1BGDLiFteTWJzpNi690uZ-7UshuQ
user14;msg1;msg2;RuzrVm7pngQ.cwA.gXg.PcfcWZKD8LVu3BFmpa8qe5LMUNgPXILz-JvuTiVURtE
user15;msg1;msg2;Olo9k4MdG8I.cwA.uWc.iKq_86IqEbk9PCC1BGDLiFteTWJzpNi690uZ-7UshuQ
user16;msg1;msg2;RuzrVm7pngQ.cwA.gXg.PcfcWZKD8LVu3BFmpa8qe5LMUNgPXILz-JvuTiVURtE
user17;msg1;msg2;Olo9k4MdG8I.cwA.uWc.iKq_86IqEbk9PCC1BGDLiFteTWJzpNi690uZ-7UshuQ
user18;msg1;msg2;RuzrVm7pngQ.cwA.gXg.PcfcWZKD8LVu3BFmpa8qe5LMUNgPXILz-JvuTiVURtE
user19;msg1;msg2;Olo9k4MdG8I.cwA.uWc.iKq_86IqEbk9PCC1BGDLiFteTWJzpNi690uZ-7UshuQ
user20;msg1;msg2;RuzrVm7pngQ.cwA.gXg.PcfcWZKD8LVu3BFmpa8qe5LMUNgPXILz-JvuTiVURtE
user21;msg1;msg2;Olo9k4MdG8I.cwA.uWc.iKq_86IqEbk9PCC1BGDLiFteTWJzpNi690uZ-7UshuQ
user22;msg1;msg2;RuzrVm7pngQ.cwA.gXg.PcfcWZKD8LVu3BFmpa8qe5LMUNgPXILz-JvuTiVURtE
user23;msg1;msg2;Olo9k4MdG8I.cwA.uWc.iKq_86IqEbk9PCC1BGDLiFteTWJzpNi690uZ-7UshuQ
user24;msg1;msg2;RuzrVm7pngQ.cwA.gXg.PcfcWZKD8LVu3BFmpa8qe5LMUNgPXILz-JvuTiVURtE
user25;msg1;msg2;Olo9k4MdG8I.cwA.uWc.iKq_86IqEbk9PCC1BGDLiFteTWJzpNi690uZ-7UshuQ
user26;msg1;msg2;RuzrVm7pngQ.cwA.gXg.PcfcWZKD8LVu3BFmpa8qe5LMUNgPXILz-JvuTiVURtE
user27;msg1;msg2;Olo9k4MdG8I.cwA.uWc.iKq_86IqEbk9PCC1BGDLiFteTWJzpNi690uZ-7UshuQ
user28;msg1;msg2;RuzrVm7pngQ.cwA.gXg.PcfcWZKD8LVu3BFmpa8qe5LMUNgPXILz-JvuTiVURtE
user29;msg1;msg2;Olo9k4MdG8I.cwA.uWc.iKq_86IqEbk9PCC1BGDLiFteTWJzpNi690uZ-7UshuQ
user30;msg1;msg2;RuzrVm7pngQ.cwA.gXg.PcfcWZKD8LVu3BFmpa8qe5LMUNgPXILz-JvuTiVURtE
user31;msg1;msg2;Olo9k4MdG8I.cwA.uWc.iKq_86IqEbk9PCC1BGDLiFteTWJzpNi690uZ-7UshuQ
user32;msg1;msg2;RuzrVm7pngQ.cwA.gXg.PcfcWZKD8LVu3BFmpa8qe5LMUNgPXILz-JvuTiVURtE
user33;msg1;msg2;Olo9k4MdG8I.cwA.uWc.iKq_86IqEbk9PCC1BGDLiFteTWJzpNi690uZ-7UshuQ
user34;msg1;msg2;RuzrVm7pngQ.cwA.gXg.PcfcWZKD8LVu3BFmpa8qe5LMUNgPXILz-JvuTiVURtE
user35;msg1;msg2;Olo9k4MdG8I.cwA.uWc.iKq_86IqEbk9PCC1BGDLiFteTWJzpNi690uZ-7UshuQ
user36;msg1;msg2;RuzrVm7pngQ.cwA.gXg.PcfcWZKD8LVu3BFmpa8qe5LMUNgPXILz-JvuTiVURtE
user37;msg1;msg2;Olo9k4MdG8I.cwA.uWc.iKq_86IqEbk9PCC1BGDLiFteTWJzpNi690uZ-7UshuQ
user38;msg1;msg2;RuzrVm7pngQ.cwA.gXg.PcfcWZKD8LVu3BFmpa8qe5LMUNgPXILz-JvuTiVURtE
user39;msg1;msg2;Olo9k4MdG8I.cwA.uWc.iKq_86IqEbk9PCC1BGDLiFteTWJzpNi690uZ-7UshuQ
user40;msg1;msg2;RuzrVm7pngQ.cwA.gXg.PcfcWZKD8LVu3BFmpa8qe5LMUNgPXILz-JvuTiVURtE
user41;msg1;msg2;Olo9k4MdG8I.cwA.uWc.iKq_86IqEbk9PCC1BGDLiFteTWJzpNi690uZ-7UshuQ
user42;msg1;msg2;RuzrVm7pngQ.cwA.gXg.PcfcWZKD8LVu3BFmpa8qe5LMUNgPXILz-JvuTiVURtE
user43;msg1;msg2;Olo9k4MdG8I.cwA.uWc.iKq_86IqEbk9PCC1BGDLiFteTWJzpNi690uZ-7UshuQ
user44;msg1;msg2;RuzrVm7pngQ.cwA.gXg.PcfcWZKD8LVu3BFmpa8qe5LMUNgPXILz-JvuTiVURtE
user45;msg1;msg2;Olo9k4MdG8I.cwA.uWc.iKq_86IqEbk9PCC1BGDLiFteTWJzpNi690uZ-7UshuQ
user46;msg1;msg2;RuzrVm7pngQ.cwA.gXg.PcfcWZKD8LVu3BFmpa8qe5LMUNgPXILz-JvuTiVURtE
user47;msg1;msg2;Olo9k4MdG8I.cwA.uWc.iKq_86IqEbk9PCC1BGDLiFteTWJzpNi690uZ-7UshuQ
user48;msg1;msg2;RuzrVm7pngQ.cwA.gXg.PcfcWZKD8LVu3BFmpa8qe5LMUNgPXILz-JvuTiVURtE
user49;msg1;msg2;Olo9k4MdG8I.cwA.uWc.iKq_86IqEbk9PCC1BGDLiFteTWJzpNi690uZ-7UshuQ
user50;msg1;msg2;RuzrVm7pngQ.cwA.gXg.PcfcWZKD8LVu3BFmpa8qe5LMUNgPXILz-JvuTiVURtE
user51;msg1;msg2;Olo9k4MdG8I.cwA.uWc.iKq_86IqEbk9PCC1BGDLiFteTWJzpNi690uZ-7UshuQ
user52;msg1;msg2;RuzrVm7pngQ.cwA.gXg.PcfcWZKD8LVu3BFmpa8qe5LMUNgPXILz-JvuTiVURtE
user53;msg1;msg2;Olo9k4MdG8I.cwA.uWc.iKq_86IqEbk9PCC1BGDLiFteTWJzpNi690uZ-7UshuQ
user54;msg1;msg2;RuzrVm7pngQ.cwA.gXg.PcfcWZKD8LVu3BFmpa8qe5LMUNgPXILz-JvuTiVURtE
user55;msg1;msg2;Olo9k4MdG8I.cwA.uWc.iKq_86IqEbk9PCC1BGDLiFteTWJzpNi690uZ-7UshuQ
user56;msg1;msg2;RuzrVm7pngQ.cwA.gXg.PcfcWZKD8LVu3BFmpa8qe5LMUNgPXILz-JvuTiVURtE
user57;msg1;msg2;Olo9k4MdG8I.cwA.uWc.iKq_86IqEbk9PCC1BGDLiFteTWJzpNi690uZ-7UshuQ
user58;msg1;msg2;RuzrVm7pngQ.cwA.gXg.PcfcWZKD8LVu3BFmpa8qe5LMUNgPXILz-JvuTiVURtE
user59;msg1;msg2;Olo9k4MdG8I.cwA.uWc.iKq_86IqEbk9PCC1BGDLiFteTWJzpNi690uZ-7UshuQ
user60;msg1;msg2;RuzrVm7pngQ.cwA.gXg.PcfcWZKD8LVu3BFmpa8qe5LMUNgPXILz-JvuTiVURtE
user61;msg1;msg2;Olo9k4MdG8I.cwA.uWc.iKq_86IqEbk9PCC1BGDLiFteTWJzpNi690uZ-7UshuQ
user62;msg1;msg2;RuzrVm7pngQ.cwA.gXg.PcfcWZKD8LVu3BFmpa8qe5LMUNgPXILz-JvuTiVURtE
user63;msg1;msg2;Olo9k4MdG8I.cwA.uWc.iKq_86IqEbk9PCC1BGDLiFteTWJzpNi690uZ-7UshuQ
user64;msg1;msg2;RuzrVm7pngQ.cwA.gXg.PcfcWZKD8LVu3BFmpa8qe5LMUNgPXILz-JvuTiVURtE
user65;msg1;msg2;Olo9k4MdG8I.cwA.uWc.iKq_86IqEbk9PCC1BGDLiFteTWJzpNi690uZ-7UshuQ
user66;msg1;msg2;RuzrVm7pngQ.cwA.gXg.PcfcWZKD8LVu3BFmpa8qe5LMUNgPXILz-JvuTiVURtE
user67;msg1;msg2;Olo9k4MdG8I.cwA.uWc.iKq_86IqEbk9PCC1BGDLiFteTWJzpNi690uZ-7UshuQ
user68;msg1;msg2;RuzrVm7pngQ.cwA.gXg.PcfcWZKD8LVu3BFmpa8qe5LMUNgPXILz-JvuTiVURtE
user69;msg1;msg2;Olo9k4MdG8I.cwA.uWc.iKq_86IqEbk9PCC1BGDLiFteTWJzpNi690uZ-7UshuQ
user70;msg1;msg2;RuzrVm7pngQ.cwA.gXg.PcfcWZKD8LVu3BFmpa8qe5LMUNgPXILz-JvuTiVURtE
user71;msg1;msg2;Olo9k4MdG8I.cwA.uWc.iKq_86IqEbk9PCC1BGDLiFteTWJzpNi690uZ-7UshuQ
user72;msg1;msg2;RuzrVm7pngQ.cwA.gXg.PcfcWZKD8LVu3BFmpa8qe5LMUNgPXILz-JvuTiVURtE
user73;msg1;msg2;Olo9k4MdG8I.cwA.uWc.iKq_86IqEbk9PCC1BGDLiFteTWJzpNi690uZ-7UshuQ
user74;msg1;msg2;RuzrVm7pngQ.cwA.gXg.PcfcWZKD8LVu3BFmpa8qe5LMUNgPXILz-JvuTiVURtE
user75;msg1;msg2;Olo9k4MdG8I.cwA.uWc.iKq_86IqEbk9PCC1BGDLiFteTWJzpNi690uZ-7UshuQ
user76;msg1;msg2;RuzrVm7pngQ.cwA.gXg.PcfcWZKD8LVu3BFmpa8qe5LMUNgPXILz-JvuTiVURtE
user77;msg1;msg2;Olo9k4MdG8I.cwA.uWc.iKq_86IqEbk9PCC1BGDLiFteTWJzpNi690uZ-7UshuQ
user78;msg1;msg2;RuzrVm7pngQ.cwA.gXg.PcfcWZKD8LVu3BFmpa8qe5LMUNgPXILz-JvuTiVURtE
user79;msg1;msg2;Olo9k4MdG8I.cwA.uWc.iKq_86IqEbk9PCC1BGDLiFteTWJzpNi690uZ-7UshuQ
user80;msg1;msg2;RuzrVm7pngQ.cwA.gXg.PcfcWZKD8LVu3BFmpa8qe5LMUNgPXILz-JvuTiVURtE
user81;msg1;msg2;Olo9k4MdG8I.cwA.uWc.iKq_86IqEbk9PCC1BGDLiFteTWJzpNi690uZ-7UshuQ
user82;msg1;msg2;RuzrVm7pngQ.cwA.gXg.PcfcWZKD8LVu3BFmpa8qe5LMUNgPXILz-JvuTiVURtE
user83;msg1;msg2;Olo9k4MdG8I.cwA.uWc.iKq_86IqEbk9PCC1BGDLiFteTWJzpNi690uZ-7UshuQ
user84;msg1;msg2;RuzrVm7pngQ.cwA.gXg.PcfcWZKD8LVu3BFmpa8qe5LMUNgPXILz-JvuTiVURtE
user85;msg1;msg2;Olo9k4MdG8I.cwA.uWc.iKq_86IqEbk9PCC1BGDLiFteTWJzpNi690uZ-7UshuQ
user86;msg1;msg2;RuzrVm7pngQ.cwA.gXg.PcfcWZKD8LVu3BFmpa8qe5LMUNgPXILz-JvuTiVURtE
user87;msg1;msg2;Olo9k4MdG8I.cwA.uWc.iKq_86IqEbk9PCC1BGDLiFteTWJzpNi690uZ-7UshuQ
user88;msg1;msg2;RuzrVm7pngQ.cwA.gXg.PcfcWZKD8LVu3BFmpa8qe5LMUNgPXILz-JvuTiVURtE
user89;msg1;msg2;Olo9k4MdG8I.cwA.uWc.iKq_86IqEbk9PCC1BGDLiFteTWJzpNi690uZ-7UshuQ
user90;msg1;msg2;RuzrVm7pngQ.cwA.gXg.PcfcWZKD8LVu3BFmpa8qe5LMUNgPXILz-JvuTiVURtE
user91;msg1;msg2;Olo9k4MdG8I.cwA.uWc.iKq_86IqEbk9PCC1BGDLiFteTWJzpNi690uZ-7UshuQ
user92;msg1;msg2;RuzrVm7pngQ.cwA.gXg.PcfcWZKD8LVu3BFmpa8qe5LMUNgPXILz-JvuTiVURtE
user93;msg1;msg2;Olo9k4MdG8I.cwA.uWc.iKq_86IqEbk9PCC1BGDLiFteTWJzpNi690uZ-7UshuQ
user94;msg1;msg2;RuzrVm7pngQ.cwA.gXg.PcfcWZKD8LVu3BFmpa8qe5LMUNgPXILz-JvuTiVURtE
user95;msg1;msg2;Olo9k4MdG8I.cwA.uWc.iKq_86IqEbk9PCC1BGDLiFteTWJzpNi690uZ-7UshuQ
user96;msg1;msg2;RuzrVm7pngQ.cwA.gXg.PcfcWZKD8LVu3BFmpa8qe5LMUNgPXILz-JvuTiVURtE
user97;msg1;msg2;Olo9k4MdG8I.cwA.uWc.iKq_86IqEbk9PCC1BGDLiFteTWJzpNi690uZ-7UshuQ
user98;msg1;msg2;RuzrVm7pngQ.cwA.gXg.PcfcWZKD8LVu3BFmpa8qe5LMUNgPXILz-JvuTiVURtE
user99;msg1;msg2;Olo9k4MdG8I.cwA.uWc.iKq_86IqEbk9PCC1BGDLiFteTWJzpNi690uZ-7UshuQ
user100;msg1;msg2;RuzrVm7pngQ.cwA.gXg.PcfcWZKD8LVu3BFmpa8qe5LMUNgPXILz-JvuTiVURtE
user101;msg1;msg2;Olo9k4MdG8I.cwA.uWc.iKq_86IqEbk9PCC1BGDLiFteTWJzpNi690uZ-7UshuQ
user102;msg1;msg2;RuzrVm7pngQ.cwA.gXg.PcfcWZKD8LVu3BFmpa8qe5LMUNgPXILz-JvuTiVURtE
user103;msg1;msg2;Olo9k4MdG8I.cwA.uWc.iKq_86IqEbk9PCC1BGDLiFteTWJzpNi690uZ-7UshuQ
user104;msg1;msg2;RuzrVm7pngQ.cwA.gXg.PcfcWZKD8LVu3BFmpa8qe5LMUNgPXILz-JvuTiVURtE
user105;msg1;msg2;Olo9k4MdG8I.cwA.uWc.iKq_86IqEbk9PCC1BGDLiFteTWJzpNi690uZ-7UshuQ
user106;msg1;msg2;RuzrVm7pngQ.cwA.gXg.PcfcWZKD8LVu3BFmpa8qe5LMUNgPXILz-JvuTiVURtE
user107;msg1;msg2;Olo9k4MdG8I.cwA.uWc.iKq_86IqEbk9PCC1BGDLiFteTWJzpNi690uZ-7UshuQ
user108;msg1;msg2;RuzrVm7pngQ.cwA.gXg.PcfcWZKD8LVu3BFmpa8qe5LMUNgPXILz-JvuTiVURtE
user109;msg1;msg2;Olo9k4MdG8I.cwA.uWc.iKq_86IqEbk9PCC1BGDLiFteTWJzpNi690uZ-7UshuQ
user110;msg1;msg2;RuzrVm7pngQ.cwA.gXg.PcfcWZKD8LVu3BFmpa8qe5LMUNgPXILz-JvuTiVURtE
user111;msg1;msg2;Olo9k4MdG8I.cwA.uWc.iKq_86IqEbk9PCC1BGDLiFteTWJzpNi690uZ-7UshuQ
user112;msg1;msg2;RuzrVm7pngQ.cwA.gXg.PcfcWZKD8LVu3BFmpa8qe5LMUNgPXILz-JvuTiVURtE
user113;msg1;msg2;Olo9k4MdG8I.cwA.uWc.iKq_86IqEbk9PCC1BGDLiFteTWJzpNi690uZ-7UshuQ
user114;msg1;msg2;RuzrVm7pngQ.cwA.gXg.PcfcWZKD8LVu3BFmpa8qe5LMUNgPXILz-JvuTiVURtE
user115;msg1;msg2;Olo9k4MdG8I.cwA.uWc.iKq_86IqEbk9PCC1BGDLiFteTWJzpNi690uZ-7UshuQ
user116;msg1;msg2;RuzrVm7pngQ.cwA.gXg.PcfcWZKD8LVu3BFmpa8qe5LMUNgPXILz-JvuTiVURtE
user117;msg1;msg2;Olo9k4MdG8I.cwA.uWc.iKq_86IqEbk9PCC1BGDLiFteTWJzpNi690uZ-7UshuQ
user118;msg1;msg2;RuzrVm7pngQ.cwA.gXg.PcfcWZKD8LVu3BFmpa8qe5LMUNgPXILz-JvuTiVURtE
user119;msg1;msg2;Olo9k4MdG8I.cwA.uWc.iKq_86IqEbk9PCC1BGDLiFteTWJzpNi690uZ-7UshuQ
user120;msg1;msg2;RuzrVm7pngQ.cwA.gXg.PcfcWZKD8LVu3BFmpa8qe5LMUNgPXILz-JvuTiVURtE
